{
	"info": {
		"_postman_id": "7d1a5621-12d0-41f7-ac69-c115d2e43690",
		"name": "spring-boot-secure-rest",
		"schema": "https://schema.getpostman.com/json/collection/v2.1.0/collection.json"
	},
	"item": [
		{
			"name": "find-all",
			"request": {
				"auth": {
					"type": "bearer",
					"bearer": [
						{
							"key": "token",
							"value": "8b22d6b0-bd2c-44b3-9934-d20268ebe886",
							"type": "string"
						}
					]
				},
				"method": "GET",
				"header": [],
				"url": {
					"raw": "http://localhost:8082/employee/find",
					"protocol": "http",
					"host": [
						"localhost"
					],
					"port": "8082",
					"path": [
						"employee",
						"find"
					]
				}
			},
			"response": []
		},
		{
			"name": "FindById",
			"request": {
				"auth": {
					"type": "bearer",
					"bearer": [
						{
							"key": "token",
							"value": "8b22d6b0-bd2c-44b3-9934-d20268ebe886",
							"type": "string"
						}
					]
				},
				"method": "GET",
				"header": [],
				"url": {
					"raw": "http://localhost:8082/employee/find/by-id?id=1",
					"protocol": "http",
					"host": [
						"localhost"
					],
					"port": "8082",
					"path": [
						"employee",
						"find",
						"by-id"
					],
					"query": [
						{
							"key": "id",
							"value": "1"
						}
					]
				}
			},
			"response": []
		},
		{
			"name": "Delete",
			"request": {
				"auth": {
					"type": "bearer",
					"bearer": [
						{
							"key": "token",
							"value": "8b22d6b0-bd2c-44b3-9934-d20268ebe886",
							"type": "string"
						}
					]
				},
				"method": "DELETE",
				"header": [],
				"body": {
					"mode": "formdata",
					"formdata": []
				},
				"url": {
					"raw": "http://localhost:8082/employee/delete/39",
					"protocol": "http",
					"host": [
						"localhost"
					],
					"port": "8082",
					"path": [
						"employee",
						"delete",
						"39"
					]
				}
			},
			"response": []
		},
		{
			"name": "Update",
			"request": {
				"auth": {
					"type": "bearer",
					"bearer": [
						{
							"key": "token",
							"value": "8b22d6b0-bd2c-44b3-9934-d20268ebe886",
							"type": "string"
						}
					]
				},
				"method": "POST",
				"header": [
					{
						"key": "Content-Type",
						"value": "application/json"
					}
				],
				"body": {
					"mode": "raw",
					"raw": "{\n\n\"employeeId\": 29,\n        \"employeeName\": \"Sahida akther\",\n        \"employeeGender\": \"female\",\n        \"employeePhone\": \"01827942356\"\n\n}"
				},
				"url": {
					"raw": "http://localhost:8082/employee/update",
					"protocol": "http",
					"host": [
						"localhost"
					],
					"port": "8082",
					"path": [
						"employee",
						"update"
					]
				}
			},
			"response": []
		},
		{
			"name": "Save",
			"request": {
				"auth": {
					"type": "bearer",
					"bearer": [
						{
							"key": "token",
							"value": "8b22d6b0-bd2c-44b3-9934-d20268ebe886",
							"type": "string"
						}
					]
				},
				"method": "POST",
				"header": [
					{
						"key": "Content-Type",
						"value": "application/json"
					}
				],
				"body": {
					"mode": "raw",
					"raw": "{\n    \n    \"employeeName\":\"ahasan habib\",\n\n    \"employeeGender\":\"male\",\n\n\t\"employeePhone\":\"0182794238\"\n}"
				},
				"url": {
					"raw": "http://localhost:8082/employee/add",
					"protocol": "http",
					"host": [
						"localhost"
					],
					"port": "8082",
					"path": [
						"employee",
						"add"
					]
				}
			},
			"response": []
		},
		{
			"name": "auth-token",
			"request": {
				"auth": {
					"type": "basic",
					"basic": [
						{
							"key": "username",
							"value": "mobile",
							"type": "string"
						},
						{
							"key": "password",
							"value": "pin",
							"type": "string"
						}
					]
				},
				"method": "POST",
				"header": [],
				"body": {
					"mode": "urlencoded",
					"urlencoded": [
						{
							"key": "grant_type",
							"value": "password",
							"type": "text"
						},
						{
							"key": "username",
							"value": "admin",
							"type": "text"
						},
						{
							"key": "password",
							"value": "admin",
							"type": "text"
						}
					]
				},
				"url": {
					"raw": "http://localhost:8082/oauth/token",
					"protocol": "http",
					"host": [
						"localhost"
					],
					"port": "8082",
					"path": [
						"oauth",
						"token"
					]
				}
			},
			"response": []
		}
	],
	"protocolProfileBehavior": {}
}